时间,标题,链接
2013-06-06,关于公布2013年中南大学大学生创新创业年会情况的通知,https://bksy.csu.edu.cn/info/1062/1977.htm
2013-06-04,关于举办2013年中南大学大学生创新创业年会的通知,https://bksy.csu.edu.cn/info/1062/1971.htm
2013-06-02,关于开通创新创业年会学生项目“网络人气奖”投票系统的通知,https://bksy.csu.edu.cn/info/1062/1965.htm
2013-05-27,2013年国家级大学生创新创业训练计划立项项目公示,https://bksy.csu.edu.cn/info/1062/1956.htm
2013-05-16,关于对2012年度米塔尔学生创新创业项目资助立项项目进行,https://bksy.csu.edu.cn/info/1062/1948.htm
2013-04-18,关于对创业教育与专业教育相结合情况进行调研的通知,https://bksy.csu.edu.cn/info/1062/1927.htm
2013-04-18,关于推荐大学生创新创业教育指导教师专家库专家的通知,https://bksy.csu.edu.cn/info/1062/1926.htm
2013-04-12,关于公示2013年大学生创新创业训练计划省级创新立项项目的通知,https://bksy.csu.edu.cn/info/1062/1917.htm
2013-04-09,关于公布2011年度米塔尔学生创新创业项目资助立项项目结题验收结果的通知,https://bksy.csu.edu.cn/info/1062/1912.htm
2013-03-27,关于组织申报2013年大学生创新创业训练计划项目的通知,https://bksy.csu.edu.cn/info/1062/1903.htm
2013-03-26,关于组织大学生创新创业团队开展“创新创业沙龙”学术活动的通知,https://bksy.csu.edu.cn/info/1062/1902.htm
2013-03-22,关于公布2012年大学生创新创业训练计划项目中期检查评审结果的通知,https://bksy.csu.edu.cn/info/1062/1898.htm
2013-03-15,关于开展2011年大学生创新训练计划项目结题验收工作的通知,https://bksy.csu.edu.cn/info/1062/1888.htm
2014-04-16,关于对2012年度蔡田碹珠学生创新创业资助项目进行结题验收的通知,https://bksy.csu.edu.cn/info/1062/2210.htm
2014-03-27,关于组织申报2014年大学生创新创业训练计划项目的通知,https://bksy.csu.edu.cn/info/1062/2195.htm
2014-02-12,关于开展2012年大学生创新创业训练计划项目结题验收工作的通知,https://bksy.csu.edu.cn/info/1062/2186.htm
2014-01-18,2013年度中南大学蔡田碹珠学生创新创业资助项目立项评审结果公示,https://bksy.csu.edu.cn/info/1062/2183.htm
2014-01-07,关于在2014年寒假期间组织学生开展创新创业教育实践活动的通知,https://bksy.csu.edu.cn/info/1062/2177.htm
2013-12-31,关于公布2013年大学生创新创业训练计划项目中期检查结果及划拨第二批项目经费的通知,https://bksy.csu.edu.cn/info/1062/2173.htm
2013-10-30,关于开展2013年大学生创新创业训练计划项目中期检查工作的通知,https://bksy.csu.edu.cn/info/1062/2123.htm
2013-10-24,关于征集中南大学大学生创新创业成果作品的通知,https://bksy.csu.edu.cn/info/1062/2118.htm
2013-10-21,关于开展2013年度中南大学蔡田碹珠学生创新创业资助项目申报工作的通知,https://bksy.csu.edu.cn/info/1062/2112.htm
2013-10-09,关于组织学生参加湖南省第二届大学生创新实验成果展暨创新论坛的通知,https://bksy.csu.edu.cn/info/1062/2068.htm
2013-09-26,关于公布2012年度米塔尔学生创新创业项目资助立项项目中期检查结果的通知,https://bksy.csu.edu.cn/info/1062/2063.htm
2013-09-03,关于组织申报2014年度长沙市创业富民专项资金项目的通知,https://bksy.csu.edu.cn/info/1062/2028.htm
2013-07-10,关于签订2013年大学生创新创业训练计划项目合同及划拨第一批项目经费的通知,https://bksy.csu.edu.cn/info/1062/2017.htm
2013-07-04,关于公示2013年大学生创新创业训练计划校级立项项目的通知,https://bksy.csu.edu.cn/info/1062/2014.htm
2013-06-26,关于组织学生参加举办第二届中国创新创业大赛（湖南赛区）暨首届湖南省创新创业大赛的通知,https://bksy.csu.edu.cn/info/1062/2007.htm
2014-11-13,关于中南大学第一届大学生云计算应用创新大赛结果公示的通知,https://bksy.csu.edu.cn/info/1062/2371.htm
2014-10-29,关于开展2014年度中南大学蔡田碹珠学生创新创业资助项目立项申报的通知,https://bksy.csu.edu.cn/info/1062/2345.htm
2014-10-28,关于开展2014年大学生创新创业训练计划项目中期检查工作的通知,https://bksy.csu.edu.cn/info/1062/2335.htm
2014-10-28,关于开展2014年本科生自由探索计划项目中期检查的通知,https://bksy.csu.edu.cn/info/1062/2326.htm
2014-10-27,关于中南大学第四届大学生工程训练综合能力竞赛评审结果公示的通知,https://bksy.csu.edu.cn/info/1062/2360.htm
2014-10-17,关于继续组织新生参观创新创业教育实践基地的通知,https://bksy.csu.edu.cn/info/1062/2318.htm
2014-09-18,关于签订2014年大学生创新创业训练计划,https://bksy.csu.edu.cn/info/1062/2275.htm
2014-09-17,关于对互联网创业学生进行登记摸底的通知,https://bksy.csu.edu.cn/info/1062/2265.htm
2014-09-12,关于组织学生申报湖南省大学生创新创业孵化基地第三批入驻项目的通知,https://bksy.csu.edu.cn/info/1062/2257.htm
2014-06-16,关于报送大学生创新创业训练计划工作进展报告的通知,https://bksy.csu.edu.cn/info/1062/2234.htm
2014-06-09,关于公布2012年、2013年大学生创新创业训练计划项目结题验收结果及划拨项目经费的通知,https://bksy.csu.edu.cn/info/1062/2230.htm
2014-05-16,关于召开中南大学2014年大学生创新创业年会大会及学校专场论坛的通知,https://bksy.csu.edu.cn/info/1062/2223.htm
2014-04-22,关于举办2014年中南大学大学生创新创业年会的通知,https://bksy.csu.edu.cn/info/1062/2216.htm
2014-04-22,2014年“创新创业从点滴做起”寒假读书、实践征文评审结果公示,https://bksy.csu.edu.cn/info/1062/2215.htm
2014-04-16,关于对2012年度米塔尔学生创新创业项目资助立项项目进行结题和验收的通知,https://bksy.csu.edu.cn/info/1062/2211.htm
2015-03-25,关于举办第四届中南大学大学生服务外包创新创业大赛暨第六届中国大学生服务外包创新创...,https://bksy.csu.edu.cn/info/1062/2510.htm
2015-03-23,关于组织学生参加“中国创翼”青年创业创新大赛的通知,https://bksy.csu.edu.cn/info/1062/2506.htm
2015-01-30,关于开展2014年本科生自由探索计划项目结题验收工作的通知,https://bksy.csu.edu.cn/info/1062/2461.htm
2015-01-20,关于开展2013年大学生创新创业训练计划项目结题验收工作的通知,https://bksy.csu.edu.cn/info/1062/2456.htm
2015-01-16,关于举办第八届中南大学节能减排社会实践与科技竞赛的通知,https://bksy.csu.edu.cn/info/1062/2445.htm
2015-01-09,关于延长全国大学生英语竞赛报名时间的通知,https://bksy.csu.edu.cn/info/1062/2439.htm
2015-01-05,关于中南大学第六届化学实验技能大赛结果公示的通知,https://bksy.csu.edu.cn/info/1062/2432.htm
2015-01-04,关于在2015年寒假期间组织学生开展创新创业教育实践活动的通知,https://bksy.csu.edu.cn/info/1062/2425.htm
2014-12-19,关于组织我校学生参加2015年全国大学生英语竞赛（NECCS）的通知,https://bksy.csu.edu.cn/info/1062/2418.htm
2014-12-17,关于中南大学第三届大学生物流设计大赛结果公示的通知,https://bksy.csu.edu.cn/info/1062/2414.htm
2014-12-12,关于公布2014年本科生自由探索计划项目中期检查结果的通知,https://bksy.csu.edu.cn/info/1062/2411.htm
2014-12-12,关于公布2014年大学生创新创业训练计划项目中期检查结果及划拨第二批项目经费的通知,https://bksy.csu.edu.cn/info/1062/2410.htm
2014-12-12,关于公布2013年度中南大学蔡田碹珠学生创新创业资助立项项目中期检查结果的通知,https://bksy.csu.edu.cn/info/1062/2406.htm
2014-12-11,关于转发教育部科技发展中心《关于举办“第二届全国高校SDN网络应用创新开发大赛”的通...,https://bksy.csu.edu.cn/info/1062/2400.htm
2014-12-04,关于举办中南大学第六届化学实验技能大赛的通知,https://bksy.csu.edu.cn/info/1062/2431.htm
2015-06-19,关于对2013年度蔡田碹珠学生创新创业资助项目进行结题验收的通知,https://bksy.csu.edu.cn/info/1062/2670.htm
2015-06-11,关于举办中南大学大学生新材料创新设计大赛的通知,https://bksy.csu.edu.cn/info/1062/2648.htm
2015-06-08,关于公布2013年、2014年大学生创新创业训练计划项目结题验收结果,https://bksy.csu.edu.cn/info/1062/2636.htm
2015-06-03,关于组织学生参加第四届中国创新创业大赛（湖南赛区）暨第二届湖南省创新创业大赛的通知,https://bksy.csu.edu.cn/info/1062/2628.htm
2015-06-03,关于参加首届中国“互联网+”大学生创新创业大赛的通知,https://bksy.csu.edu.cn/info/1062/2627.htm
2015-06-02,关于举办首届中南大学矿冶工程化学虚拟仿真设计大奖赛的通知,https://bksy.csu.edu.cn/info/1062/2624.htm
2015-05-22,关于第五届全国大学生电子商务“创新、创意及创业”挑战赛中南大学校内选拔赛结果公示...,https://bksy.csu.edu.cn/info/1062/2603.htm
2015-05-22,关于参加“首届中国大学生跨境电子商务创新创业大赛”的通知,https://bksy.csu.edu.cn/info/1062/2602.htm
2015-04-30,紧急通知：“中国创翼”青年创业创新路演赛延期报名,https://bksy.csu.edu.cn/info/1062/2569.htm
2015-04-30,关于申报中南大学创新创业教育课程建设项目的通知,https://bksy.csu.edu.cn/info/1062/2567.htm
2015-04-23,2014年度中南大学蔡田碹珠学生创新创业资助项目评审结果公示,https://bksy.csu.edu.cn/info/1062/2559.htm
2015-04-23,关于开展2014年创新创业教育先进单位和优秀个人申报评选工作的通知,https://bksy.csu.edu.cn/info/1062/2558.htm
2015-04-22,关于举办2015年中南大学大学生创新创业年会的通知,https://bksy.csu.edu.cn/info/1062/2557.htm
2015-04-07,免费创业能力提升培训“创办你的企业”（SYB）培训招生通知,https://bksy.csu.edu.cn/info/1062/2532.htm
2015-03-25,关于组织申报2015年大学生创新创业项目的通知,https://bksy.csu.edu.cn/info/1062/2512.htm
2015-10-28,关于参加“第一届全国高校互联网金融应用创新大赛”的通知,https://bksy.csu.edu.cn/info/1062/2781.htm
2015-10-23,关于参加2015中国大学生原创动漫大赛的通知,https://bksy.csu.edu.cn/info/1062/2779.htm
2015-10-23,关于开展2015年大学生创新创业项目中期检查工作的通知,https://bksy.csu.edu.cn/info/1062/2777.htm
2015-10-20,关于参加“智汇无锡”大学生创业路演（长沙站）的通知,https://bksy.csu.edu.cn/info/1062/2774.htm
2015-10-19,关于举办第七届中南大学大学生机械创新设计竞赛通知,https://bksy.csu.edu.cn/info/1062/2772.htm
2015-10-15,关于组织新生参观创新创业教育实践基地的通知,https://bksy.csu.edu.cn/info/1062/2771.htm
2015-09-18,关于申报2015年度“赛尔网络下一代互联网技术创新项目”的通知,https://bksy.csu.edu.cn/info/1062/2752.htm
2015-08-02,关于公示中南大学首批创客空间的通知,https://bksy.csu.edu.cn/info/1062/2733.htm
2015-07-28,关于公示中南大学首批创新创业教育课程建设项目立项的通知,https://bksy.csu.edu.cn/info/1062/2731.htm
2015-07-28,关于开展2015年度米塔尔学生创新创业项目资助申报工作的通知,https://bksy.csu.edu.cn/info/1062/2730.htm
2015-07-28,关于开展2015年度米塔尔优秀学生创新创业奖评选工作的通知,https://bksy.csu.edu.cn/info/1062/2729.htm
2015-07-13,关于签订2015年大学生创新创业项目合同及划拨第一批项目经费的通知,https://bksy.csu.edu.cn/info/1062/2721.htm
2015-06-26,关于公示2015年大学生创新创业项目立项的通知,https://bksy.csu.edu.cn/info/1062/2689.htm
2015-06-23,关于2015年“创新创业从点滴做起”寒假读书、实践征文评审结果公示的通知,https://bksy.csu.edu.cn/info/1062/2674.htm
2015-06-23,关于组织申报国家大学生创新创业训练计划联合基金项目的通知,https://bksy.csu.edu.cn/info/1062/2671.htm
2018-04-10,关于举办中南大学第七届大学生智能科技作品大赛通知,https://bksy.csu.edu.cn/info/1062/3568.htm
2018-03-26,关于组织参加《深化“课程思政”的路径与方法》专题研修班的通知,https://bksy.csu.edu.cn/info/1062/3545.htm
2018-03-23,关于举办2018年中南大学生物医学工程创新设计竞赛的通知,https://bksy.csu.edu.cn/info/1062/3544.htm
2018-03-23,关于举办2018年中南大学非英语专业大学生英语课本剧表演比赛的通知,https://bksy.csu.edu.cn/info/1062/3543.htm
2018-03-22,关于举办中南大学第十二届大学生程序设计竞赛的通知,https://bksy.csu.edu.cn/info/1062/3542.htm
2018-03-15,关于举行中南大学第十二届物理竞赛的通知,https://bksy.csu.edu.cn/info/1062/3451.htm
2018-03-15,关于举办中南大学第二届材料物相鉴定竞赛的通知,https://bksy.csu.edu.cn/info/1062/3450.htm
2018-03-14,关于举办2018年中南大学第八届化学实验技能大赛的通知,https://bksy.csu.edu.cn/info/1062/3429.htm
2018-03-14,关于举办2018年中南大学第七届智能机器人大赛的通知,https://bksy.csu.edu.cn/info/1062/3428.htm
2018-03-13,关于举办中南大学团体程序设计天梯赛的通知,https://bksy.csu.edu.cn/info/1062/3419.htm
2016-01-21,关于组织开展中南大学创新创业教育课程“精彩一课”征集评选工作的通知,https://bksy.csu.edu.cn/info/1062/3195.htm
2016-01-15,2016年大学生创新创业项目申报准备工作指南,https://bksy.csu.edu.cn/info/1062/3194.htm
2016-01-14,关于开展2014年、2015年大学生创新创业立项项目结题验收工作的通知,https://bksy.csu.edu.cn/info/1062/3193.htm
2015-12-08,关于公布2015年大学生创新创业项目中期检查结果及划拨项目经费的通知,https://bksy.csu.edu.cn/info/1062/3175.htm
2015-10-28,关于参加“第三届全国高校物联网应用创新大赛”的通知,https://bksy.csu.edu.cn/info/1062/2782.htm
2018-04-24,关于2018年中南大学第十二届大学物理竞赛结果公示的通知,https://bksy.csu.edu.cn/info/1062/3616.htm
2018-04-24,关于举办中南大学信息安全技能大赛暨全国大学生信息安全竞赛创新实践能力赛校内选拔赛...,https://bksy.csu.edu.cn/info/1062/3614.htm
2018-04-19,关于2018届本科毕业设计(论文)中期检查的通知,https://bksy.csu.edu.cn/info/1062/3604.htm
2018-04-19,关于举办2018年中南大学英语演讲比赛的通知,https://bksy.csu.edu.cn/info/1062/3603.htm
2018-04-19,关于组织推荐2018年湖南省大学生科技创新创业菁英培育计划人选的通知,https://bksy.csu.edu.cn/info/1062/3602.htm
2018-04-17,关于报送中南大学学生创办公司、工作室情况的通知,https://bksy.csu.edu.cn/info/1062/3588.htm
2018-04-17,关于参加“建行杯”第四届湖南省“互联网+”大学生创新创业大赛暨全国大赛选拔赛推进会...,https://bksy.csu.edu.cn/info/1062/3585.htm
2018-04-17,关于开展2017年度米塔尔优秀学生创新创业奖评选工作的通知,https://bksy.csu.edu.cn/info/1062/3584.htm
2018-04-17,关于开展2017年创新创业教育先进单位和优秀个人申报评选工作的通知,https://bksy.csu.edu.cn/info/1062/3583.htm
2018-04-12,关于举办中南大学第十三届大学生数学建模竞赛暨2018年全国大学生数学建模竞赛选拔赛的...,https://bksy.csu.edu.cn/info/1062/3579.htm
2018-04-12,关于征集2013年-2017年学科竞赛参赛实物、获奖奖杯和奖牌的通知,https://bksy.csu.edu.cn/info/1062/3578.htm
2018-04-10,关于举办中南大学第十届大学生测绘实践创新能力竞赛的通知,https://bksy.csu.edu.cn/info/1062/3573.htm
2018-04-10,关于中南大学第十二届大学生物理竞赛考场安排的通知,https://bksy.csu.edu.cn/info/1062/3572.htm
2018-04-10,关于举办2018年中南大学大学生力学竞赛暨“第十四届湖南省大学生力学竞赛”选拔赛的通...,https://bksy.csu.edu.cn/info/1062/3570.htm
2018-04-10,关于2018年中南大学全国大学生英语竞赛初赛考场安排通知,https://bksy.csu.edu.cn/info/1062/3569.htm
2018-05-10,关于公示2018年研究性学习和创新性实验计划拟立项项目的通知,https://bksy.csu.edu.cn/info/1062/3703.htm
2018-05-10,关于中南大学第十一届大学生节能减排大赛推荐入围国赛作品的公示,https://bksy.csu.edu.cn/info/1062/3702.htm
2018-05-10,关于组织开展2018年度“北斗微小课题”申报工作的通知,https://bksy.csu.edu.cn/info/1062/3701.htm
2018-05-03,关于组织2018届本科毕业生校学位外语考试的通知,https://bksy.csu.edu.cn/info/1062/3649.htm
2018-05-03,关于举办2018年湖南省大学生电子设计竞赛中南大学校内赛的通知,https://bksy.csu.edu.cn/info/1062/3648.htm
2018-05-03,关于2018年中南大学大学生力学竞赛考场安排的通知,https://bksy.csu.edu.cn/info/1062/3647.htm
2018-05-03,关于开展已立项教材检查验收及2018年教材立项申报工作的通知,https://bksy.csu.edu.cn/info/1062/3646.htm
2018-05-03,关于2018年中南大学第八届化学实验技能大赛结果公示的通知,https://bksy.csu.edu.cn/info/1062/3645.htm
2018-05-03,关于中南大学第十二届大学生程序设计竞赛结果公示的通知,https://bksy.csu.edu.cn/info/1062/3638.htm
2018-04-24,关于2018年全国大学生英语竞赛初赛中南大学获奖学生名单公示的通知,https://bksy.csu.edu.cn/info/1062/3625.htm
2018-04-24,关于公示2018年湖南省大学生科技创新创业菁英培育计划推荐人选的通知,https://bksy.csu.edu.cn/info/1062/3623.htm
2018-04-24,关于举办创响中国系列活动“创响中南大学站”活动暨2018年中南大学大学生创新创业年会...,https://bksy.csu.edu.cn/info/1062/3621.htm
2018-04-24,关于2018年度校外基地建设申报项目答辩评审的通知,https://bksy.csu.edu.cn/info/1062/3619.htm
2018-04-24,关于举办“第四届中南大学矿冶工程化学虚拟仿真设计大赛”的通知,https://bksy.csu.edu.cn/info/1062/3618.htm
2018-04-24,关于第一届中南大学化工实验竞赛成绩公示通知,https://bksy.csu.edu.cn/info/1062/3617.htm
2018-05-29,关于2018年中南大学第三届物理学术竞赛暨中南地区赛和第九届全国物理学术竞赛（CUPT）...,https://bksy.csu.edu.cn/info/1062/3737.htm
2018-05-28,关于2018年中南大学第七届智能机器人大赛结果公示的通知,https://bksy.csu.edu.cn/info/1062/3739.htm
2018-05-28,关于中南大学第三届电子设计创客大赛暨全国大学生机器人竞赛校内选拔赛结果公示的通知,https://bksy.csu.edu.cn/info/1062/3738.htm
2018-05-25,关于组织参加第四届中国“互联网＋”大学生创新创业大赛暨2018中南大学“互联网＋”大...,https://bksy.csu.edu.cn/info/1062/3735.htm
2018-05-18,关于举办第六届中南大学结构设计竞赛的通知,https://bksy.csu.edu.cn/info/1062/3730.htm
2018-05-18,关于参加中国创新创业大赛（湖南赛）暨第五届湖南省创新创业大赛的通知,https://bksy.csu.edu.cn/info/1062/3729.htm
2018-05-18,关于参加第三届“中国创翼”创业创新大赛湖南省选拔赛的通知,https://bksy.csu.edu.cn/info/1062/3728.htm
2018-05-14,关于开设中南大学知识产权远程教育课外研学课程的通知,https://bksy.csu.edu.cn/info/1062/3717.htm
2018-05-14,2018年中南大学创业实践项目与佳纳创业项目立项答辩通知,https://bksy.csu.edu.cn/info/1062/3716.htm
2018-05-14,关于2018年中南大学第一届英语生理学知识竞赛公示的通知,https://bksy.csu.edu.cn/info/1062/3715.htm
2018-05-14,关于举办“创响中国”中南大学站暨2018年中南大学大学生创新创业年会学校专场的通知,https://bksy.csu.edu.cn/info/1062/3714.htm
2018-05-14,关于组织开展湖南省“十三五”普通高校创新创业教育中心和基地申报与推荐工作的通知,https://bksy.csu.edu.cn/info/1062/3713.htm
2018-05-10,关于召开本科教学工作审核评估协调会的通知,https://bksy.csu.edu.cn/info/1062/3706.htm
2018-05-10,关于2018年全国大学生英语竞赛(NECCS)决赛湖南赛区考试安排的通知,https://bksy.csu.edu.cn/info/1062/3705.htm
2018-05-10,关于公示中南大学2017年创新创业教育先进单位和优秀个人名单的通知,https://bksy.csu.edu.cn/info/1062/3704.htm
2018-07-12,关于进一步开展中南大学“青年红色筑梦之旅”活动的通知,https://bksy.csu.edu.cn/info/1062/3883.htm
2018-07-04,中南大学第四届互联网+大学生创新创业比赛第二轮比赛及路演培训通知,https://bksy.csu.edu.cn/info/1062/3858.htm
2018-07-04,关于2018年中南大学电子设计大赛获奖结果公示的通知,https://bksy.csu.edu.cn/info/1062/3856.htm
2018-07-03,关于举办2018年中南大学医学显微摄影大赛的通知,https://bksy.csu.edu.cn/info/1062/3853.htm
2018-06-29,关于开展2018年中南大学暑假数学建模培训报名的通知,https://bksy.csu.edu.cn/info/1062/3850.htm
2018-06-29,关于举办2018年中南大学大学生数学竞赛暨第十届全国大学生数学竞赛初赛选拔赛的通知,https://bksy.csu.edu.cn/info/1062/3849.htm
2018-06-25,关于中南大学第十三届大学生数学建模竞赛获奖结果公示通知,https://bksy.csu.edu.cn/info/1062/3832.htm
2018-06-20,关于公布2018年“创新创业从点滴做起”寒假读书、实践征文评审结果及优秀组织奖的通知,https://bksy.csu.edu.cn/info/1062/3825.htm
2018-06-20,关于2018年中南大学英语演讲比赛结果公示的通知,https://bksy.csu.edu.cn/info/1062/3824.htm
2018-06-20,关于中南大学第六届大学生结构设计竞赛获奖学生名单公示的通知,https://bksy.csu.edu.cn/info/1062/3823.htm
2018-06-13,关于参加第一届“京津冀-粤港澳”（国际）青年创新创业大赛的通知,https://bksy.csu.edu.cn/info/1062/3789.htm
2018-06-11,关于中南大学第十届大学生测绘实践创新能力大赛获奖名单公示的通知,https://bksy.csu.edu.cn/info/1062/3779.htm
2018-06-11,关于参加“我的创新创业故事”暨微视频征集活动的通知,https://bksy.csu.edu.cn/info/1062/3778.htm
2018-06-05,关于2018年中南大学大学生力学竞赛结果的公示,https://bksy.csu.edu.cn/info/1062/3765.htm
2018-06-05,关于公示2018年大学生创新与创业项目名单的通知,https://bksy.csu.edu.cn/info/1062/3776.htm
2018-09-30,关于开展“民族情 复兴路”主题征文活动的通知,https://bksy.csu.edu.cn/info/1062/3990.htm
2018-09-30,关于开展2018年度大学生格林美创新实践团队奖评选工作的通知,https://bksy.csu.edu.cn/info/1062/3988.htm
2018-09-29,关于中南大学大学生创新创业训练营（第二期）通知,https://bksy.csu.edu.cn/info/1062/3985.htm
2018-09-21,关于组织申报2018年创新创业师生共创项目的通知,https://bksy.csu.edu.cn/info/1062/3968.htm
2018-09-21,关于举办2018年中南大学英语写作、阅读比赛暨“外研社杯”全国英语写作、阅读大赛初赛...,https://bksy.csu.edu.cn/info/1062/3967.htm
2018-09-14,关于公布第四届中南大学“互联网+”大学生创新创业大赛比赛结果的通知,https://bksy.csu.edu.cn/info/1062/3952.htm
2018-09-13,中南大学关于做好2018年下半年全国大学英语四、六级考试报名工作的通知,https://bksy.csu.edu.cn/info/1062/3940.htm
2018-09-12,关于进行2017年师生共创项目进展情况检查的通知,https://bksy.csu.edu.cn/info/1062/3939.htm
2018-09-12,关于中南大学2018年大学数学竞赛结果公示及参加大学生数学竞赛培训的通知,https://bksy.csu.edu.cn/info/1062/3938.htm
2018-09-12,关于举办中南大学第七届大学生工程训练综合能力竞赛的通知,https://bksy.csu.edu.cn/info/1062/3937.htm
2018-09-06,关于2018年学科竞赛2014级（五年制），2015级学生获奖信息公示通知,https://bksy.csu.edu.cn/info/1062/3907.htm
2018-09-04,关于2018年中南大学数学竞赛考场安排的通知,https://bksy.csu.edu.cn/info/1062/3902.htm
2018-07-30,2019年大学生创新与创业项目申报准备工作指南,https://bksy.csu.edu.cn/info/1062/3900.htm
2018-07-27,关于中南大学2018年“青年红色筑梦之旅”活动项目团队资助公示通知,https://bksy.csu.edu.cn/info/1062/3901.htm
2018-07-12,中南大学第四届“互联网+”大学生创新创业第三轮比赛暨“青年红色筑梦之旅”活动授旗仪...,https://bksy.csu.edu.cn/info/1062/3884.htm
2018-11-13,2018年中南大学青年红色筑梦之旅活动项目评审结果公示通知,https://bksy.csu.edu.cn/info/1062/4093.htm
2018-11-12,关于公示2018年中南大学创客空间建设项目立项、进展情况检查结果的通知,https://bksy.csu.edu.cn/info/1062/4087.htm
2018-11-06,关于参加2019年寒假大学生创新创业国际研习营项目名单的公示,https://bksy.csu.edu.cn/info/1062/4073.htm
2018-11-06,关于举办第八届中南大学大学生服务外包创新创业大赛暨第十届中国大学生服务外包创新创...,https://bksy.csu.edu.cn/info/1062/4071.htm
2018-11-06,关于公示2018年中南大学创新创业教育课程建设项目立项、进展情况检查和结题验收结果的...,https://bksy.csu.edu.cn/info/1062/4070.htm
2018-10-31,关于2018年中南大学文学作品创作大赛结果公示的通知,https://bksy.csu.edu.cn/info/1062/4061.htm
2018-10-31,关于举办“马钢杯”第六届全国大学生物流设计大赛中南大学校内选拔赛的通知,https://bksy.csu.edu.cn/info/1062/4060.htm
2018-10-27,关于举办第二届中南大学智能互联创新大赛暨“第四届全国大学生智能互联创新大赛”校内...,https://bksy.csu.edu.cn/info/1062/4049.htm
2018-10-24,关于举办2018年中南大学解剖学绘图大赛的通知,https://bksy.csu.edu.cn/info/1062/4041.htm
2018-10-24,关于举办中南大学物理实验竞赛暨第五届全国大学生物理实验竞赛校内选拔赛的通知,https://bksy.csu.edu.cn/info/1062/4040.htm
2018-10-23,关于2018年中南大学英语写作、阅读比赛暨“外研社杯”全国英语写作、阅读大赛初赛结果...,https://bksy.csu.edu.cn/info/1062/4037.htm
2018-10-11,关于举办第十届中国大学生物理学术竞赛（CUPT）中南大学选拔赛的通知,https://bksy.csu.edu.cn/info/1062/3997.htm
2018-10-11,关于组织新生参观创新创业教育实践基地的通知,https://bksy.csu.edu.cn/info/1062/3996.htm
2018-10-10,关于举办中南大学第四届文学作品创作大赛暨第三届湖南省大学生写作竞赛选拔赛的通知,https://bksy.csu.edu.cn/info/1062/3994.htm
2018-10-09,关于申报2019年寒假大学生创新创业国际研习营项目的通知,https://bksy.csu.edu.cn/info/1062/3992.htm
2019-01-09,关于参加2019年寒假大学生创新创业国内研习营（北京中关村）项目名单的公示,https://bksy.csu.edu.cn/info/1062/4250.htm
2019-01-07,关于组织我校学生参加2019年全国大学生英语竞赛（NECCS）的通知,https://bksy.csu.edu.cn/info/1062/4244.htm
2019-01-02,关于2018年第二届中南大学智能互联创新大赛结果公示的通知,https://bksy.csu.edu.cn/info/1062/4222.htm
2018-12-25,关于申报2019年寒假大学生创新创业国内研习营（北京中关村）项目的通知,https://bksy.csu.edu.cn/info/1062/4204.htm
2018-12-25,关于2018年中南大学医学显微摄影大赛结果公示的通知,https://bksy.csu.edu.cn/info/1062/4205.htm
2018-12-20,关于公布2018年大学生创新创业项目中期检查结果的通知,https://bksy.csu.edu.cn/info/1062/4185.htm
2018-12-15,关于报送二级学院各专业学科竞赛项目统计通知,https://bksy.csu.edu.cn/info/1062/4174.htm
2018-12-14,关于开展2018年创新创业教育评优工作的通知,https://bksy.csu.edu.cn/info/1062/4172.htm
2018-12-11,关于公布2018年中南大学创新创业教育课程“精彩一课”获奖名单的通知,https://bksy.csu.edu.cn/info/1062/4157.htm
2018-12-04,关于举办中南大学第十二届大学生交通科技大赛的通知,https://bksy.csu.edu.cn/info/1062/4147.htm
2018-12-03,关于“第四届矿冶工程化学虚拟仿真设计大赛”结果公示的通知,https://bksy.csu.edu.cn/info/1062/4143.htm
2018-11-29,关于学生公司申请一次性开办费补贴的通知,https://bksy.csu.edu.cn/info/1062/4133.htm
2018-11-21,关于公示2018年格林美创新实践团队奖评选结果的通知,https://bksy.csu.edu.cn/info/1062/4117.htm
2018-11-21,关于公示2017年度米塔尔优秀学生创新创业奖评选结果的通知,https://bksy.csu.edu.cn/info/1062/4116.htm
2018-11-13,关于公示2018年创新创业师生共创项目立项的通知,https://bksy.csu.edu.cn/info/1062/4094.htm
2025-03-03,关于举办中南大学第十八届大学生交通运输科技大赛的通知,https://oa.csu.edu.cn/con/PDFPage?YWMC=ZNDX_ZHBG_GGTZ&JLNM=8AB9E35A360044B596E0E9E33C967AD0
2025-03-03,关于参加第十一届全国大学生统计建模大赛的通知,https://oa.csu.edu.cn/con/PDFPage?YWMC=ZNDX_ZHBG_GGTZ&JLNM=6AF804E931C04E349D02CAC7228AD16B
2025-02-25,关于开展2023年、2024年大学生创新创业项目结题验收工作的通知,https://oa.csu.edu.cn/con/PDFPage?YWMC=ZNDX_ZHBG_GGTZ&JLNM=A0F34177B13741A38B2737124F796E6B
2025-02-24,关于举办第30届中国日报社“21世纪杯”全国英语演讲比赛中南大学校园选拔赛的通知,https://oa.csu.edu.cn/con/PDFPage?YWMC=ZNDX_ZHBG_GGTZ&JLNM=10B547BBEB3E48FD809F244A1A83FEFA
2025-02-17,关于举办中南大学物理实验竞赛暨第十一届全国大学生物理实验竞赛（创新）选拔赛的通知,https://oa.csu.edu.cn/con/PDFPage?YWMC=ZNDX_ZHBG_GGTZ&JLNM=6DB478B0C7D240ACBD4F2E3F14219F75
2025-01-18,关于组织申报2025年大学生创新创业项目的通知,https://oa.csu.edu.cn/con/PDFPage?YWMC=ZNDX_ZHBG_GGTZ&JLNM=4D5947E6591A4C83B3D1ED8BE1F716C6
2025-01-16,关于推荐中国国际大学生创新大赛（2025）重点培育项目的通知,https://oa.csu.edu.cn/con/PDFPage?YWMC=ZNDX_ZHBG_GGTZ&JLNM=A9BBF1FAEEB14F489F2C5AC487ECCEE5
2025-01-15,关于组织师生收看湖南卫视《夺金2025》节目的通知,https://oa.csu.edu.cn/con/PDFPage?YWMC=ZNDX_ZHBG_GGTZ&JLNM=BE948AA5C47E4B4FB4FE0AE4830ECD50
2025-01-13,关于公布中南大学2024年刘业翔创新创业基金和蔡田碹珠创新创业基金资助项目的通知,https://oa.csu.edu.cn/con/PDFPage?YWMC=ZNDX_ZHBG_GGTZ&JLNM=33C472503D3A4781BA597DEADCDD7BA2
2025-01-09,关于举办第十八届中南大学节能减排社会实践与科技竞赛的通知,https://oa.csu.edu.cn/con/PDFPage?YWMC=ZNDX_ZHBG_GGTZ&JLNM=E17FCA07F32D4F62B2CDDA031C4A14BC
2023-04-20,关于公示2023年寒假创新创业教育实践活动获奖名单的通知,https://oa.csu.edu.cn/con/PDFPage?YWMC=ZNDX_ZHBG_GGTZ&JLNM=94428180B1A748FC90B7835090F07B34
2019-01-20,关于组织学生参加第九届全国大学生电子商务“创新、创意及创业”挑战赛中南大学校内选...,https://bksy.csu.edu.cn/info/1062/4280.htm
2019-01-18,关于组织申报2019年大学生创新创业项目的通知,https://bksy.csu.edu.cn/info/1062/4276.htm
2019-01-12,关于举办中南大学第五届大学生信息安全应用创新大赛暨全国大学生信息安全竞赛校内选拔...,https://bksy.csu.edu.cn/info/1062/4254.htm
2019-01-09,关于公示2018年创新创业师生共创项目重点支持项目（第二批）的通知,https://bksy.csu.edu.cn/info/1062/4251.htm
2025-04-09,关于举办中南大学第十八届大学生程序设计竞赛的通知,https://oa.csu.edu.cn/con/PDFPage?YWMC=ZNDX_ZHBG_GGTZ&JLNM=7DC8F5C072FA42FF8FBC5C567EDA94A4
2025-03-28,关于举办2025年中南大学大学生计算机设计大赛暨第十八届中国大学生计算机设计大赛校内...,https://oa.csu.edu.cn/con/PDFPage?YWMC=ZNDX_ZHBG_GGTZ&JLNM=081CE733C5B9444CB3D3DEE82D768571
2025-03-28,关于举办2025年中南大学大学生电子设计大赛的通知,https://oa.csu.edu.cn/con/PDFPage?YWMC=ZNDX_ZHBG_GGTZ&JLNM=5C1F6466E24C461FA36C78DD21814D25
2025-03-27,关于举办中南大学第二十届数学建模竞赛暨全国赛校内选拔赛的通知,https://oa.csu.edu.cn/con/PDFPage?YWMC=ZNDX_ZHBG_GGTZ&JLNM=002A7B8CF2884BF989EA2EF14A599240
2025-03-24,关于举办中南大学“外教社·词达人杯”全国大学生英语词汇能力大赛通知,https://oa.csu.edu.cn/con/PDFPage?YWMC=ZNDX_ZHBG_GGTZ&JLNM=4E357F29BD454099A4AC2C2A94F0C4C8
2025-03-24,关于2025年中南大学第十九届大学生物理竞赛结果公示的通知,https://oa.csu.edu.cn/con/PDFPage?YWMC=ZNDX_ZHBG_GGTZ&JLNM=9DA917E1A705400E855BCFF632276326
2025-03-20,关于组织申报2025年度湖南省大学生创新创业教育精品课程的通知,https://oa.csu.edu.cn/con/PDFPage?YWMC=ZNDX_ZHBG_GGTZ&JLNM=5E1D58FAD03D4CB9B5AE13CA2D1ACE8C
2025-03-19,关于2024年学科竞赛获奖学生和指导教师成绩公示通知,https://oa.csu.edu.cn/con/PDFPage?YWMC=ZNDX_ZHBG_GGTZ&JLNM=A22ECD3CF6424C118ABF0F8D8949C262
2025-03-13,关于参加2025年“金种子杯”大学生创业大赛的通知,https://oa.csu.edu.cn/con/PDFPage?YWMC=ZNDX_ZHBG_GGTZ&JLNM=F6B34F2867474D8F8487CE1E587D00B7
2025-03-12,关于举办中南大学第十七届大学生测绘学科创新创业智能大赛的通知,https://oa.csu.edu.cn/con/PDFPage?YWMC=ZNDX_ZHBG_GGTZ&JLNM=8D9333EC00964436AC903101BA4AA925
2025-03-10,关于组织报名参加“第十五届全国周培源大学生力学竞赛”的通知,https://oa.csu.edu.cn/con/PDFPage?YWMC=ZNDX_ZHBG_GGTZ&JLNM=D3C7D98D80614B0DB12EB7B29E137054
2025-03-10,关于举办2025年中南大学第十四届大学生化学实验竞赛的通知,https://oa.csu.edu.cn/con/PDFPage?YWMC=ZNDX_ZHBG_GGTZ&JLNM=D13E19B5CFCC4C9688001D8719A1AA74
2025-03-06,关于举行中南大学第一届大学生地球物理知识竞赛的通知,https://oa.csu.edu.cn/con/PDFPage?YWMC=ZNDX_ZHBG_GGTZ&JLNM=374A98624AE34BA4AE109D07AA2E4D83
2025-03-05,关于举办2025年中南大学第十四届智能机器人大赛的通知,https://oa.csu.edu.cn/con/PDFPage?YWMC=ZNDX_ZHBG_GGTZ&JLNM=B6E68678C2C048D1A13B87334F5B1143
2025-03-05,关于组织参加第三届湖南省大学生节能减排社会实践与科技竞赛的通知,https://oa.csu.edu.cn/con/PDFPage?YWMC=ZNDX_ZHBG_GGTZ&JLNM=A1ACCC0BB7414C6A95556BE729508B3A
2025-05-23,关于举办2025年中南大学大学生智能汽车大赛的通知,https://oa.csu.edu.cn/con/PDFPage?YWMC=ZNDX_ZHBG_GGTZ&JLNM=B0D446F05E614D048DBBBB5116B71E96
2025-05-20,关于表彰2024年学科竞赛获奖学生和指导教师的通报,https://oa.csu.edu.cn/con/PDFPage?YWMC=ZNDX_ZHBG_GGTZ&JLNM=350FD7C0AC6B498A9C9801D1A9F2BE92
2025-05-15,关于举办中国国际大学生创新大赛（2025）校内选拔赛的通知,https://oa.csu.edu.cn/con/PDFPage?YWMC=ZNDX_ZHBG_GGTZ&JLNM=E5478500597543FFB9BA62FB083DF073
2025-05-14,关于2025“外研社·国才杯”“理解当代中国”全国大学生外语能力大赛国际传播综合能力赛...,https://oa.csu.edu.cn/con/PDFPage?YWMC=ZNDX_ZHBG_GGTZ&JLNM=EA145DCEEC034DCB902F4E767CCA6BB0
2025-05-13,关于组织开展中南大学2025年“青年红色筑梦之旅”活动的通知,https://oa.csu.edu.cn/con/PDFPage?YWMC=ZNDX_ZHBG_GGTZ&JLNM=E0A19058A11C45BFB056B6254E78CF78
2025-05-13,关于开展2025年“北斗微小课题”申报工作的通知,https://oa.csu.edu.cn/con/PDFPage?YWMC=ZNDX_ZHBG_GGTZ&JLNM=A0ED7731D7B04E13981F2C98DEC19D7D
2025-05-13,关于参加大学生智能算法科创大赛的通知,https://oa.csu.edu.cn/con/PDFPage?YWMC=ZNDX_ZHBG_GGTZ&JLNM=091C4DEEBC19426ABA90A7448EE17F36
2025-05-09,关于举办中南大学第五届大学生GIS应用技能竞赛的通知,https://oa.csu.edu.cn/con/PDFPage?YWMC=ZNDX_ZHBG_GGTZ&JLNM=7260D6F429214D558E62B18547ED23AA
2025-05-06,关于举办第十二届中南大学机械创新设计校赛及省赛选拔的通知,https://oa.csu.edu.cn/con/PDFPage?YWMC=ZNDX_ZHBG_GGTZ&JLNM=B7824D288E9F43E180646B982129BD88
2025-04-29,关于2025年第八届“外教社杯”全国高校学生跨文化能力大赛中南大学选拔赛通知,https://oa.csu.edu.cn/con/PDFPage?YWMC=ZNDX_ZHBG_GGTZ&JLNM=EB7E8EBF30BE4EBE9221A8FA4881D2A7
2025-04-25,关于举办第十一届中南大学结构设计竞赛的通知,https://oa.csu.edu.cn/con/PDFPage?YWMC=ZNDX_ZHBG_GGTZ&JLNM=1F0EDA2770064190991CDBA083C764AC
2025-04-25,关于举办2025年第九届中南大学制药工程设计竞赛的通知,https://oa.csu.edu.cn/con/PDFPage?YWMC=ZNDX_ZHBG_GGTZ&JLNM=B32FF516C5524D61ADC6DD4D557D670E
2025-04-24,关于举办2025年“学创杯”全国大学生创业综合模拟大赛中南大学校内选拔赛的通知,https://oa.csu.edu.cn/con/PDFPage?YWMC=ZNDX_ZHBG_GGTZ&JLNM=E32560385BA045F88EA829B12F6D6DA7
2025-04-23,关于举办第七届国际大学生混凝土龙舟邀请赛选拔赛的通知,https://oa.csu.edu.cn/con/PDFPage?YWMC=ZNDX_ZHBG_GGTZ&JLNM=03559EF1F2C44433A998E0628A86DEAC
2025-04-21,关于举办2025年全国高校商业精英挑战赛创新创业竞赛中南大学校内选拔赛的通知,https://oa.csu.edu.cn/con/PDFPage?YWMC=ZNDX_ZHBG_GGTZ&JLNM=49FA67177FBA43C78372D3E19E97BFED
2025-09-11,中南大学2025级升华科创班报名选拔通知,https://oa.csu.edu.cn/con/PDFPage?YWMC=ZNDX_ZHBG_GGTZ&JLNM=F97ADB619F4047EBA80AA362BC15499D
2025-09-10,关于举办第十一届中南大学文学作品创作大赛、第五届“中文之光”写作大赛（暨第十届湖...,https://oa.csu.edu.cn/con/PDFPage?YWMC=ZNDX_ZHBG_GGTZ&JLNM=7E8F4111EA8543C28C108C2975DF0C06
2025-09-09,关于举办2025中南大学大学生工业设计大赛暨2025年湖南省大学生工业设计大赛校内选拔赛...,https://oa.csu.edu.cn/con/PDFPage?YWMC=ZNDX_ZHBG_GGTZ&JLNM=5D857753E480480787CB2871F7E9CBF3
2025-06-24,关于2025中国国际大学生创新大赛中南大学校内选拔赛第二轮路演答辩的通知,https://oa.csu.edu.cn/con/PDFPage?YWMC=ZNDX_ZHBG_GGTZ&JLNM=8F5F1BAE69E34A139BEE9FCF9C532216
2025-06-23,关于举办中南大学第九届大学生物联网创意赛暨湖南省物联网大赛校内选拔赛的通知,https://oa.csu.edu.cn/con/PDFPage?YWMC=ZNDX_ZHBG_GGTZ&JLNM=E48FE9467BEB43CAA90F2E0D1389FDEC
2025-06-17,关于2025中国国际大学生创新大赛中南大学校内选拔赛路演答辩的通知,https://oa.csu.edu.cn/con/PDFPage?YWMC=ZNDX_ZHBG_GGTZ&JLNM=20BED6B85C30488A84CAC8BFE17423C1
2025-06-13,关于举办中南大学2025年中国机器人大赛暨RoboCup机器人世界杯中国赛—机器人先进视觉组...,https://oa.csu.edu.cn/con/PDFPage?YWMC=ZNDX_ZHBG_GGTZ&JLNM=71D4302B8ADA46A3BB0B72E5BE53BD02
2025-06-13,关于组织学生参加2025年全国高校商业精英挑战赛创新创业竞赛流通业经营模拟赛道、营销...,https://oa.csu.edu.cn/con/PDFPage?YWMC=ZNDX_ZHBG_GGTZ&JLNM=453F9FA0DFDC49928708C2AFC99EE4B7
2025-06-12,关于举办2025年中南大学大学生广告艺术大赛暨全国大学生广告艺术大赛湖南赛区选拔赛的...,https://oa.csu.edu.cn/con/PDFPage?YWMC=ZNDX_ZHBG_GGTZ&JLNM=923F00D76A144E36A0470FC06A3727E6
2025-06-09,关于开展2025年上半年教学质量评价的通知,https://oa.csu.edu.cn/con/PDFPage?YWMC=ZNDX_ZHBG_GGTZ&JLNM=377D185DA13A4ACAB854A8DFD7D1B062
2025-06-06,关于参加2025年新域新质创新大赛的通知,https://oa.csu.edu.cn/con/PDFPage?YWMC=ZNDX_ZHBG_GGTZ&JLNM=8F164A5E84E24C74B1262BA7D90611C7
2025-06-04,关于举办2025年“外研社·国才杯”“理解当代中国”湖南省大学生外语能力大赛中南大学口...,https://oa.csu.edu.cn/con/PDFPage?YWMC=ZNDX_ZHBG_GGTZ&JLNM=5C79263E82494812AF0ADAE44B1DD9A0
2025-05-30,2025“外研社·国才杯”“理解当代中国”全国大学生外语能力大赛短视频大赛中南大学选拔...,https://oa.csu.edu.cn/con/PDFPage?YWMC=ZNDX_ZHBG_GGTZ&JLNM=D84EAE16427F4ABEB8BCAE74DD61D1F0
2025-05-28,关于2025年全国大学生英语竞赛获奖学生电子证书下载的通知,https://oa.csu.edu.cn/con/PDFPage?YWMC=ZNDX_ZHBG_GGTZ&JLNM=EB4F1BEE73E946B68C376CC5E91F36E8
2025-05-26,关于举办2025年中南大学大学生创新年会学校专场的通知,https://oa.csu.edu.cn/con/PDFPage?YWMC=ZNDX_ZHBG_GGTZ&JLNM=1C5127F79E294D0FA2524CC575800EF8
2025-10-30,关于参加“中国中车杯”第八届全国大学生可再生能源优秀科技作品竞赛的通知,https://oa.csu.edu.cn/con/PDFPage?YWMC=ZNDX_ZHBG_GGTZ&JLNM=F8811E0DED9647E6B1DF930E71B94487
2025-10-27,关于举办第十二届中南大学医学创新大赛的通知,https://oa.csu.edu.cn/con/PDFPage?YWMC=ZNDX_ZHBG_GGTZ&JLNM=A40D25F4CEDF462AA522FA127E339FEF
2025-10-17,关于组织参加“正大杯”第十六届全国大学生市场调查与分析大赛的通知,https://oa.csu.edu.cn/con/PDFPage?YWMC=ZNDX_ZHBG_GGTZ&JLNM=666A911F412643D2B8149975E3F8B151
2025-10-13,关于组织学生参加2026年第十四届全国高校商业精英挑战赛品牌策划竞赛中南大学校内选拔...,https://oa.csu.edu.cn/con/PDFPage?YWMC=ZNDX_ZHBG_GGTZ&JLNM=85C4805D0B9A47CC81233AC7C91D76B5
2025-10-10,关于参加第二届“金种子杯”大学生创业大赛的通知,https://oa.csu.edu.cn/con/PDFPage?YWMC=ZNDX_ZHBG_GGTZ&JLNM=7D421DF1151441EE86D567660D7D7A27
2025-09-30,关于举办第十届中南大学虚拟仿真设计大赛的通知,https://oa.csu.edu.cn/con/PDFPage?YWMC=ZNDX_ZHBG_GGTZ&JLNM=89473E8AFD2A4290B1FEDF2270ED3810
2025-09-29,中南大学2025年升华科创班面试考核通知,https://oa.csu.edu.cn/con/PDFPage?YWMC=ZNDX_ZHBG_GGTZ&JLNM=92AF1366D3FA4EF08FB6CA802CD4885C
2025-09-28,关于开展湖南省大学生创业微短剧短视频大赛中南大学校内选拔赛的通知,https://oa.csu.edu.cn/con/PDFPage?YWMC=ZNDX_ZHBG_GGTZ&JLNM=A441B01A8F9649D8A3A96FEEB51F91DC
2025-09-24,关于举办中南大学第六届先进飞行器虚拟仿真大赛的通知,https://oa.csu.edu.cn/con/PDFPage?YWMC=ZNDX_ZHBG_GGTZ&JLNM=A188276DE0414ECD8B2F41DC7B7B1186
2025-09-23,关于参加第三届IPv6技术应用创新大赛科教赛道暨第八届下一代互联网技术创新大赛”的通...,https://oa.csu.edu.cn/con/PDFPage?YWMC=ZNDX_ZHBG_GGTZ&JLNM=741068FFCC714888B9FF651338737462
2025-09-22,关于征集升华科创班项目核心导师的通知,https://oa.csu.edu.cn/con/PDFPage?YWMC=ZNDX_ZHBG_GGTZ&JLNM=81B7BCCACBDE4CE1A1620B2DCA20E5FE
2025-09-18,关于举办第十七届中国大学生物理学术竞赛（CUPT）中南大学选拔赛的通知,https://oa.csu.edu.cn/con/PDFPage?YWMC=ZNDX_ZHBG_GGTZ&JLNM=F7A27451E2814B418D87ED6DB457AA46
2025-11-07,关于组织开展2025级新生创新创业教育“苗圃行动”暨大学生创业活动月的通知,https://oa.csu.edu.cn/con/PDFPage?YWMC=ZNDX_ZHBG_GGTZ&JLNM=26B82C1E8E594258905D2979E42E2AFA
2025-11-11,中南大学创新创业学院非事业编工作人员招聘公告,https://bksy.csu.edu.cn/info/1062/5730.htm
2025-10-30,关于举办“2025年中南大学大学生力学竞赛”暨“2025年第二十一届湖南省大学生力学竞赛...,https://oa.csu.edu.cn/con/PDFPage?YWMC=ZNDX_ZHBG_GGTZ&JLNM=70E96F8FD97E4C5193860BC717E6326F
